grid_id,ses.pd.plot
629,Low
630,Low
631,Low
632,Low
633,Low
634,Low
635,Low
669,Low
670,Low
686,Low
721,Low
722,Low
723,Low
724,Low
725,Low
762,Low
775,Low
776,Low
777,Low
782,Low
783,Low
784,Low
815,Low
816,Low
817,Low
818,Low
865,Low
866,Low
867,Low
873,High
874,Low
875,Low
876,Low
877,Low
908,Low
909,Low
918,High
919,High
920,High
923,High
924,High
957,Low
964,High
965,High
966,High
999,Low
1002,High
1003,High
1006,High
1007,High
1008,High
1009,High
1010,High
1011,High
1012,High
1013,High
1014,High
1015,High
1048,Low
1049,Low
1087,High
1088,High
1089,High
1090,High
1093,High
1094,High
1095,High
1097,High
1098,High
1099,High
1100,High
1101,High
1102,High
1103,High
1104,High
1138,Low
1139,Low
1147,High
1150,High
1175,High
1177,High
1178,High
1179,High
1180,High
1181,High
1182,High
1184,High
1185,High
1186,High
1188,High
1189,High
1190,High
1191,High
1192,High
1193,High
1194,High
1195,High
1228,Low
1229,Low
1231,Low
1241,High
1242,Low
1259,High
1265,High
1266,High
1267,High
1268,High
1269,High
1270,High
1271,High
1273,High
1275,High
1276,High
1277,High
1278,High
1279,High
1281,High
1282,High
1283,High
1284,High
1285,High
1317,Low
1320,Low
1321,Low
1322,Low
1333,Low
1350,High
1351,High
1354,Low
1355,High
1356,High
1357,High
1358,High
1359,High
1360,High
1361,High
1362,High
1364,High
1367,High
1368,High
1369,High
1370,High
1371,High
1372,High
1373,High
1375,High
1376,High
1403,Low
1408,Low
1409,Low
1411,Low
1412,Low
1413,Low
1425,High
1437,High
1440,High
1441,High
1442,High
1443,High
1445,Low
1446,High
1447,High
1448,High
1449,High
1450,High
1451,High
1452,High
1453,High
1455,High
1458,High
1459,High
1461,Low
1462,High
1463,High
1464,High
1466,High
1467,High
1494,Low
1495,Low
1500,Low
1501,Low
1502,Low
1503,Low
1512,High
1531,High
1532,High
1533,High
1534,High
1535,High
1539,High
1540,High
1541,High
1542,High
1543,High
1545,High
1546,High
1549,High
1550,High
1553,High
1554,High
1557,Low
1558,Low
1586,Low
1587,Low
1588,Low
1590,Low
1591,Low
1592,Low
1594,Low
1620,High
1621,High
1622,High
1623,High
1624,High
1625,High
1626,High
1629,High
1630,High
1631,High
1632,High
1633,High
1636,High
1637,High
1639,High
1640,High
1641,High
1643,High
1644,High
1648,Low
1649,Low
1675,Low
1676,Low
1677,Low
1678,Low
1679,Low
1680,Low
1681,Low
1682,Low
1683,Low
1714,High
1715,High
1716,High
1717,High
1718,High
1719,High
1720,High
1721,High
1722,High
1725,High
1726,High
1727,High
1728,High
1730,High
1731,High
1734,High
1735,High
1736,Low
1739,Low
1740,Low
1765,Low
1766,Low
1768,Low
1769,Low
1770,Low
1771,Low
1772,Low
1773,Low
1774,Low
1805,High
1806,High
1807,High
1808,High
1809,High
1810,Low
1816,High
1817,High
1818,High
1825,High
1826,High
1827,Low
1829,Low
1830,Low
1855,Low
1856,Low
1857,Low
1858,Low
1859,Low
1860,Low
1861,Low
1894,High
1896,High
1897,High
1898,High
1899,High
1903,High
1904,High
1905,High
1906,High
1907,High
1908,High
1909,High
1916,High
1918,Low
1921,Low
1946,Low
1947,Low
1948,Low
1949,Low
1950,Low
1951,Low
1952,Low
1981,High
1986,High
1987,High
1988,High
1989,Low
1990,High
1991,High
1992,High
1993,High
1994,High
1995,High
1996,High
1997,High
1998,High
1999,High
2000,High
2011,Low
2031,Low
2032,Low
2033,Low
2036,Low
2037,Low
2038,Low
2039,Low
2040,Low
2041,Low
2042,Low
2043,Low
2072,High
2075,High
2076,High
2077,High
2078,High
2079,High
2080,Low
2082,High
2083,High
2084,High
2085,High
2086,High
2088,High
2089,High
2090,High
2091,High
2102,Low
2121,Low
2122,Low
2123,Low
2128,Low
2129,Low
2130,Low
2131,Low
2134,Low
2166,High
2167,High
2168,High
2169,High
2174,High
2175,High
2179,High
2180,High
2181,High
2193,Low
2218,Low
2219,Low
2220,Low
2221,Low
2222,Low
2224,Low
2225,Low
2258,High
2266,High
2283,Low
2284,Low
2297,Low
2299,Low
2308,Low
2309,Low
2310,Low
2311,Low
2312,Low
2313,Low
2314,Low
2315,Low
2316,Low
2352,Low
2357,High
2368,High
2369,High
2370,High
2374,Low
2388,Low
2389,Low
2390,Low
2391,Low
2392,Low
2395,Low
2400,Low
2401,Low
2402,Low
2403,Low
2404,Low
2405,Low
2406,Low
2407,Low
2458,High
2459,High
2460,High
2462,Low
2463,Low
2479,Low
2481,Low
2482,Low
2483,Low
2485,Low
2486,Low
2489,Low
2491,Low
2492,Low
2493,Low
2494,Low
2495,Low
2496,Low
2497,Low
2498,Low
2499,Low
2533,High
2549,High
2574,Low
2575,Low
2576,Low
2578,Low
2579,Low
2580,Low
2581,Low
2582,Low
2583,Low
2584,Low
2585,Low
2586,Low
2587,Low
2588,Low
2589,Low
2590,Low
2665,Low
2666,Low
2667,Low
2668,Low
2669,Low
2670,Low
2671,Low
2672,Low
2674,Low
2675,Low
2676,Low
2677,Low
2678,Low
2679,Low
2682,Low
2757,Low
2758,Low
2759,Low
2760,Low
2761,Low
2762,Low
2763,Low
2770,Low
2771,Low
2772,Low
2849,Low
2850,Low
2851,Low
2852,Low
2853,Low
2854,Low
2861,Low
2876,High
2955,Low
2956,Low
